,lev_dist
CWE129_Improper_Validation_of_Array_Index__negative_fixed_array_read_check_max_01_1,210
CWE129_Improper_Validation_of_Array_Index__random_array_read_check_max_01_1,29
CWE134_Uncontrolled_Format_String__Property_printf_12_1,259
CWE129_Improper_Validation_of_Array_Index__large_fixed_array_read_check_min_08_1,33
CWE129_Improper_Validation_of_Array_Index__large_fixed_array_read_check_min_10_1,33
CWE129_Improper_Validation_of_Array_Index__large_fixed_array_read_check_min_10_2,33
CWE129_Improper_Validation_of_Array_Index__large_fixed_array_read_check_min_13_1,208
CWE129_Improper_Validation_of_Array_Index__large_fixed_array_read_check_min_02_1,208
CWE129_Improper_Validation_of_Array_Index__large_fixed_array_read_check_min_03_1,208
CWE129_Improper_Validation_of_Array_Index__large_fixed_array_read_check_min_03_2,208
CWE129_Improper_Validation_of_Array_Index__large_fixed_array_read_check_min_04_1,208
CWE129_Improper_Validation_of_Array_Index__large_fixed_array_read_check_min_05_1,33
CWE129_Improper_Validation_of_Array_Index__large_fixed_array_read_check_min_11_1,33
